渔船ID,type
18330,刺网
18331,刺网
18332,围网
18333,刺网
18334,拖网
18335,刺网
18336,刺网
18337,刺网
18338,围网
18339,拖网
18340,拖网
18341,刺网
18342,围网
18343,围网
18344,刺网
18345,刺网
18346,刺网
18347,刺网
18348,刺网
18349,刺网
18350,刺网
18351,刺网
18352,围网
18353,围网
18354,刺网
18355,围网
18356,拖网
18357,拖网
18358,围网
18359,刺网
18360,刺网
18361,拖网
18362,拖网
18363,刺网
18364,刺网
18365,刺网
18366,拖网
18367,围网
18368,拖网
18369,刺网
18370,刺网
18371,刺网
18372,刺网
18373,围网
18374,刺网
18375,刺网
18376,刺网
18377,刺网
18378,刺网
18379,围网
18380,围网
18381,刺网
18382,刺网
18383,刺网
18384,围网
18385,刺网
18386,刺网
18387,刺网
18388,刺网
18389,刺网
18390,围网
18391,刺网
18392,刺网
18393,刺网
18394,刺网
18395,刺网
18396,拖网
18397,拖网
18398,围网
18399,刺网
18400,刺网
18401,刺网
18402,围网
18403,刺网
18404,围网
18405,刺网
18406,刺网
18407,刺网
18408,刺网
18409,拖网
18410,围网
18411,围网
18412,围网
18413,刺网
18414,围网
18415,围网
18416,拖网
18417,刺网
18418,刺网
18419,拖网
18420,刺网
18421,刺网
18422,拖网
18423,刺网
18424,刺网
18425,刺网
18426,刺网
18427,刺网
18428,拖网
18429,刺网
18430,刺网
18431,拖网
18432,拖网
18433,拖网
18434,围网
18435,围网
18436,刺网
18437,拖网
18438,拖网
18439,围网
18440,拖网
18441,刺网
18442,拖网
18443,拖网
18444,拖网
18445,拖网
18446,拖网
18447,拖网
18448,刺网
18449,拖网
18450,刺网
18451,刺网
18452,刺网
18453,刺网
18454,刺网
18455,刺网
18456,围网
18457,刺网
18458,刺网
18459,拖网
18460,刺网
18461,刺网
18462,围网
18463,刺网
18464,刺网
18465,刺网
18466,围网
18467,刺网
18468,围网
18469,拖网
18470,拖网
18471,围网
18472,围网
18473,刺网
18474,刺网
18475,刺网
18476,刺网
18477,刺网
18478,刺网
18479,刺网
18480,刺网
18481,刺网
18482,围网
18483,刺网
18484,围网
18485,刺网
18486,刺网
18487,刺网
18488,刺网
18489,刺网
18490,刺网
18491,刺网
18492,刺网
18493,拖网
18494,拖网
18495,刺网
18496,刺网
18497,围网
18498,刺网
18499,刺网
18500,刺网
18501,刺网
18502,拖网
18503,刺网
18504,刺网
18505,刺网
18506,刺网
18507,刺网
18508,围网
18509,围网
18510,围网
18511,刺网
18512,围网
18513,刺网
18514,刺网
18515,拖网
18516,拖网
18517,拖网
18518,拖网
18519,刺网
18520,拖网
18521,拖网
18522,围网
18523,刺网
18524,拖网
18525,围网
18526,围网
18527,拖网
18528,围网
18529,围网
18530,刺网
18531,围网
18532,围网
18533,刺网
18534,刺网
18535,围网
18536,刺网
18537,围网
18538,拖网
18539,围网
18540,刺网
18541,刺网
18542,刺网
18543,拖网
18544,拖网
18545,拖网
18546,刺网
18547,拖网
18548,刺网
18549,刺网
18550,围网
18551,拖网
18552,拖网
18553,拖网
18554,拖网
18555,拖网
18556,围网
18557,刺网
18558,刺网
18559,刺网
18560,刺网
18561,刺网
18562,围网
18563,围网
18564,围网
18565,围网
18566,围网
18567,拖网
18568,拖网
18569,拖网
18570,刺网
18571,拖网
18572,拖网
18573,围网
18574,围网
18575,刺网
18576,围网
18577,刺网
18578,刺网
18579,围网
18580,围网
18581,刺网
18582,刺网
18583,刺网
18584,刺网
18585,刺网
18586,刺网
18587,刺网
18588,刺网
18589,刺网
18590,刺网
18591,围网
18592,围网
18593,刺网
18594,刺网
18595,围网
18596,围网
18597,拖网
18598,围网
18599,围网
18600,刺网
18601,刺网
18602,拖网
18603,拖网
18604,刺网
18605,围网
18606,围网
18607,围网
18608,刺网
18609,刺网
18610,刺网
18611,刺网
18612,围网
18613,刺网
18614,刺网
18615,刺网
18616,刺网
18617,拖网
18618,刺网
18619,刺网
18620,围网
18621,围网
18622,围网
18623,刺网
18624,刺网
18625,围网
18626,刺网
18627,刺网
18628,刺网
18629,围网
18630,刺网
18631,围网
18632,围网
18633,刺网
18634,拖网
18635,围网
18636,围网
18637,刺网
18638,刺网
18639,刺网
18640,围网
18641,刺网
18642,围网
18643,刺网
18644,围网
18645,刺网
18646,拖网
18647,拖网
18648,围网
18649,刺网
18650,围网
18651,刺网
18652,拖网
18653,刺网
18654,拖网
18655,围网
18656,刺网
18657,刺网
18658,刺网
18659,拖网
18660,围网
18661,刺网
18662,围网
18663,拖网
18664,刺网
18665,拖网
18666,刺网
18667,刺网
18668,刺网
18669,刺网
18670,刺网
18671,围网
18672,刺网
18673,刺网
18674,拖网
18675,刺网
18676,围网
18677,刺网
18678,拖网
18679,刺网
18680,围网
18681,刺网
18682,刺网
18683,围网
18684,拖网
18685,拖网
18686,刺网
18687,围网
18688,刺网
18689,拖网
18690,刺网
18691,刺网
18692,围网
18693,刺网
18694,刺网
18695,刺网
18696,拖网
18697,刺网
18698,刺网
18699,刺网
18700,刺网
18701,围网
18702,刺网
18703,刺网
18704,刺网
18705,围网
18706,拖网
18707,刺网
18708,拖网
18709,刺网
18710,刺网
18711,拖网
18712,刺网
18713,刺网
18714,围网
18715,围网
18716,围网
18717,刺网
18718,围网
18719,刺网
18720,刺网
18721,围网
18722,刺网
18723,拖网
18724,刺网
18725,刺网
18726,刺网
18727,拖网
18728,刺网
18729,刺网
18730,刺网
18731,刺网
18732,拖网
18733,刺网
18734,刺网
18735,刺网
18736,围网
18737,围网
18738,围网
18739,围网
18740,刺网
18741,刺网
18742,刺网
18743,刺网
18744,围网
18745,拖网
18746,围网
18747,刺网
18748,刺网
18749,围网
18750,刺网
18751,刺网
18752,围网
18753,刺网
18754,刺网
18755,刺网
18756,刺网
18757,刺网
18758,刺网
18759,刺网
18760,刺网
18761,围网
18762,刺网
18763,围网
18764,围网
18765,刺网
18766,刺网
18767,刺网
18768,拖网
18769,围网
18770,刺网
18771,围网
18772,刺网
18773,围网
18774,刺网
18775,刺网
18776,刺网
18777,刺网
18778,刺网
18779,围网
18780,刺网
18781,刺网
18782,围网
18783,刺网
18784,刺网
18785,刺网
18786,刺网
18787,刺网
18788,围网
18789,刺网
18790,刺网
18791,拖网
18792,围网
18793,刺网
18794,拖网
18795,刺网
18796,拖网
18797,刺网
18798,刺网
18799,刺网
18800,刺网
18801,围网
18802,刺网
18803,拖网
18804,刺网
18805,刺网
18806,刺网
18807,刺网
18808,刺网
18809,刺网
18810,刺网
18811,刺网
18812,刺网
18813,刺网
18814,围网
18815,围网
18816,刺网
18817,刺网
18818,刺网
18819,刺网
18820,刺网
18821,刺网
18822,拖网
18823,拖网
18824,拖网
18825,拖网
18826,刺网
18827,刺网
18828,拖网
18829,刺网
18830,拖网
18831,刺网
18832,刺网
18833,刺网
18834,刺网
18835,刺网
18836,刺网
18837,刺网
18838,刺网
18839,刺网
18840,拖网
18841,刺网
18842,刺网
18843,围网
18844,围网
18845,刺网
18846,刺网
18847,刺网
18848,刺网
18849,刺网
18850,拖网
18851,拖网
18852,刺网
18853,围网
18854,围网
18855,拖网
18856,刺网
18857,拖网
18858,围网
18859,拖网
18860,拖网
18861,围网
18862,拖网
18863,刺网
18864,围网
18865,围网
18866,刺网
18867,刺网
18868,围网
18869,围网
18870,拖网
18871,拖网
18872,围网
18873,围网
18874,刺网
18875,刺网
18876,刺网
18877,拖网
18878,刺网
18879,刺网
18880,围网
18881,刺网
18882,刺网
18883,刺网
18884,围网
18885,刺网
18886,刺网
18887,拖网
18888,拖网
18889,拖网
18890,围网
18891,刺网
18892,拖网
18893,刺网
18894,拖网
18895,拖网
18896,拖网
18897,围网
18898,围网
18899,刺网
18900,刺网
18901,刺网
18902,刺网
18903,刺网
18904,刺网
18905,围网
18906,刺网
18907,刺网
18908,刺网
18909,刺网
18910,刺网
18911,刺网
18912,围网
18913,刺网
18914,刺网
18915,拖网
18916,拖网
18917,拖网
18918,刺网
18919,刺网
18920,刺网
18921,刺网
18922,拖网
18923,拖网
18924,刺网
18925,拖网
18926,围网
18927,刺网
18928,刺网
18929,拖网
18930,刺网
18931,围网
18932,拖网
18933,围网
18934,围网
18935,刺网
18936,围网
18937,围网
18938,围网
18939,围网
18940,刺网
18941,刺网
18942,拖网
18943,围网
18944,围网
18945,刺网
18946,刺网
18947,拖网
18948,拖网
18949,刺网
18950,围网
18951,围网
18952,刺网
18953,拖网
18954,刺网
18955,围网
18956,刺网
18957,拖网
18958,拖网
18959,拖网
18960,围网
18961,围网
18962,刺网
18963,刺网
18964,拖网
18965,刺网
18966,拖网
18967,拖网
18968,刺网
18969,刺网
18970,拖网
18971,围网
18972,围网
18973,拖网
18974,刺网
18975,围网
18976,围网
18977,拖网
18978,围网
18979,刺网
18980,刺网
18981,拖网
18982,刺网
18983,刺网
18984,围网
18985,围网
18986,围网
18987,围网
18988,围网
18989,围网
18990,刺网
18991,拖网
18992,围网
18993,拖网
18994,刺网
18995,刺网
18996,拖网
18997,拖网
18998,围网
18999,刺网
19000,围网
19001,刺网
19002,围网
19003,围网
19004,围网
19005,围网
19006,围网
19007,刺网
19008,刺网
19009,刺网
19010,围网
19011,刺网
19012,刺网
19013,拖网
19014,刺网
19015,刺网
19016,刺网
19017,刺网
19018,拖网
19019,拖网
19020,围网
19021,刺网
19022,围网
19023,围网
19024,刺网
19025,刺网
19026,刺网
19027,刺网
19028,刺网
19029,刺网
19030,围网
19031,围网
19032,围网
19033,围网
19034,围网
19035,刺网
19036,围网
19037,拖网
19038,刺网
19039,围网
19040,拖网
19041,围网
19042,拖网
19043,围网
19044,刺网
19045,刺网
19046,刺网
19047,围网
19048,刺网
19049,围网
19050,围网
19051,刺网
19052,刺网
19053,刺网
19054,围网
19055,刺网
19056,刺网
19057,刺网
19058,刺网
19059,围网
19060,刺网
19061,刺网
19062,刺网
19063,刺网
19064,刺网
19065,围网
19066,刺网
19067,刺网
19068,拖网
19069,围网
19070,围网
19071,刺网
19072,围网
19073,刺网
19074,刺网
19075,刺网
19076,拖网
19077,围网
19078,刺网
19079,拖网
19080,刺网
19081,刺网
19082,围网
19083,围网
19084,围网
19085,刺网
19086,刺网
19087,围网
19088,围网
19089,刺网
19090,刺网
19091,拖网
19092,围网
19093,拖网
19094,拖网
19095,拖网
19096,围网
19097,拖网
19098,刺网
19099,刺网
19100,刺网
19101,围网
19102,围网
19103,刺网
19104,刺网
19105,拖网
19106,拖网
19107,拖网
19108,围网
19109,刺网
19110,围网
19111,刺网
19112,刺网
19113,围网
19114,刺网
19115,刺网
19116,刺网
19117,围网
19118,刺网
19119,刺网
19120,刺网
19121,刺网
19122,刺网
19123,刺网
19124,刺网
19125,刺网
19126,刺网
19127,刺网
19128,围网
19129,围网
19130,围网
19131,刺网
19132,刺网
19133,刺网
19134,刺网
19135,围网
19136,刺网
19137,刺网
19138,刺网
19139,拖网
19140,围网
19141,围网
19142,围网
19143,围网
19144,拖网
19145,拖网
19146,围网
19147,刺网
19148,围网
19149,刺网
19150,围网
19151,刺网
19152,拖网
19153,刺网
19154,刺网
19155,刺网
19156,拖网
19157,拖网
19158,刺网
19159,拖网
19160,围网
19161,拖网
19162,刺网
19163,刺网
19164,围网
19165,刺网
19166,围网
19167,围网
19168,刺网
19169,刺网
19170,围网
19171,围网
19172,围网
19173,拖网
19174,刺网
19175,刺网
19176,拖网
19177,刺网
19178,刺网
19179,刺网
19180,刺网
19181,刺网
19182,刺网
19183,刺网
19184,刺网
19185,围网
19186,拖网
19187,刺网
19188,围网
19189,围网
19190,刺网
19191,刺网
19192,刺网
19193,刺网
19194,刺网
19195,围网
19196,刺网
19197,刺网
19198,刺网
19199,刺网
19200,拖网
19201,围网
19202,刺网
19203,围网
19204,刺网
19205,刺网
19206,刺网
19207,围网
19208,刺网
19209,刺网
19210,刺网
19211,拖网
19212,拖网
19213,刺网
19214,围网
19215,刺网
19216,刺网
19217,刺网
19218,围网
19219,刺网
19220,刺网
19221,拖网
19222,刺网
19223,围网
19224,刺网
19225,拖网
19226,围网
19227,围网
19228,围网
19229,刺网
19230,刺网
19231,刺网
19232,刺网
19233,刺网
19234,拖网
19235,拖网
19236,拖网
19237,刺网
19238,刺网
19239,刺网
19240,刺网
19241,围网
19242,围网
19243,刺网
19244,刺网
19245,刺网
19246,刺网
19247,拖网
19248,围网
19249,围网
19250,刺网
19251,围网
19252,拖网
19253,刺网
19254,拖网
19255,围网
19256,围网
19257,围网
19258,围网
19259,刺网
19260,围网
19261,刺网
19262,围网
19263,围网
19264,围网
19265,围网
19266,刺网
19267,刺网
19268,刺网
19269,围网
19270,拖网
19271,拖网
19272,围网
19273,围网
19274,刺网
19275,刺网
19276,刺网
19277,围网
19278,刺网
19279,刺网
19280,刺网
19281,围网
19282,刺网
19283,拖网
19284,拖网
19285,拖网
19286,刺网
19287,拖网
19288,刺网
19289,刺网
19290,刺网
19291,刺网
19292,刺网
19293,刺网
19294,刺网
19295,围网
19296,围网
19297,刺网
19298,围网
19299,刺网
19300,围网
19301,刺网
19302,刺网
19303,围网
19304,刺网
19305,围网
19306,围网
19307,刺网
19308,刺网
19309,刺网
19310,刺网
19311,刺网
19312,刺网
19313,刺网
19314,刺网
19315,刺网
19316,刺网
19317,刺网
19318,刺网
19319,刺网
19320,刺网
19321,刺网
19322,刺网
19323,刺网
19324,刺网
19325,围网
19326,围网
19327,围网
19328,刺网
19329,刺网
19330,刺网
19331,刺网
19332,刺网
19333,刺网
19334,刺网
19335,刺网
19336,刺网
19337,刺网
19338,刺网
19339,刺网
19340,围网
19341,围网
19342,拖网
19343,刺网
19344,围网
19345,刺网
19346,刺网
19347,刺网
19348,刺网
19349,刺网
19350,刺网
19351,围网
19352,刺网
19353,刺网
19354,刺网
19355,刺网
19356,刺网
19357,拖网
19358,拖网
19359,刺网
19360,刺网
19361,拖网
19362,围网
19363,刺网
19364,围网
19365,围网
19366,刺网
19367,拖网
19368,围网
19369,围网
19370,围网
19371,围网
19372,围网
19373,刺网
19374,拖网
19375,刺网
19376,刺网
19377,刺网
19378,拖网
19379,刺网
19380,拖网
19381,刺网
19382,刺网
19383,刺网
19384,拖网
19385,刺网
19386,刺网
19387,拖网
19388,拖网
19389,拖网
19390,围网
19391,刺网
19392,围网
19393,刺网
19394,围网
19395,刺网
19396,拖网
19397,拖网
19398,刺网
19399,围网
19400,刺网
19401,刺网
19402,刺网
19403,刺网
19404,刺网
19405,刺网
19406,围网
19407,刺网
19408,拖网
19409,围网
19410,拖网
19411,刺网
19412,刺网
19413,刺网
19414,刺网
19415,刺网
19416,刺网
19417,拖网
19418,拖网
19419,刺网
19420,刺网
19421,拖网
19422,刺网
19423,刺网
19424,刺网
19425,拖网
19426,拖网
19427,拖网
19428,拖网
19429,刺网
19430,刺网
19431,围网
19432,围网
19433,刺网
19434,刺网
19435,刺网
19436,拖网
19437,刺网
19438,拖网
19439,围网
19440,拖网
19441,拖网
19442,围网
19443,拖网
19444,拖网
19445,刺网
19446,刺网
19447,刺网
19448,刺网
19449,拖网
19450,拖网
19451,围网
19452,围网
19453,刺网
19454,刺网
19455,刺网
19456,围网
19457,围网
19458,刺网
19459,刺网
19460,围网
19461,刺网
19462,刺网
19463,刺网
19464,拖网
19465,刺网
19466,围网
19467,刺网
19468,刺网
19469,刺网
19470,刺网
19471,刺网
19472,拖网
19473,刺网
19474,刺网
19475,刺网
19476,拖网
19477,拖网
19478,刺网
19479,刺网
19480,围网
19481,围网
19482,刺网
19483,刺网
19484,围网
19485,围网
19486,拖网
19487,刺网
19488,围网
19489,拖网
19490,拖网
19491,围网
19492,拖网
19493,围网
19494,围网
19495,刺网
19496,拖网
19497,围网
19498,刺网
19499,围网
19500,围网
19501,刺网
19502,刺网
19503,围网
19504,拖网
19505,围网
19506,刺网
19507,刺网
19508,刺网
19509,拖网
19510,围网
19511,围网
19512,刺网
19513,刺网
19514,刺网
19515,拖网
19516,拖网
19517,刺网
19518,刺网
19519,围网
19520,拖网
19521,刺网
19522,拖网
19523,拖网
19524,拖网
19525,刺网
19526,刺网
19527,刺网
19528,刺网
19529,拖网
19530,拖网
19531,拖网
19532,拖网
19533,围网
19534,拖网
19535,拖网
19536,拖网
19537,刺网
19538,刺网
19539,拖网
19540,拖网
19541,刺网
19542,刺网
19543,刺网
19544,刺网
19545,围网
19546,刺网
19547,拖网
19548,刺网
19549,拖网
19550,拖网
19551,围网
19552,围网
19553,围网
19554,刺网
19555,刺网
19556,刺网
19557,刺网
19558,刺网
19559,拖网
19560,拖网
19561,拖网
19562,围网
19563,拖网
19564,刺网
19565,拖网
19566,刺网
19567,围网
19568,刺网
19569,围网
19570,刺网
19571,刺网
19572,围网
19573,拖网
19574,刺网
19575,刺网
19576,刺网
19577,围网
19578,刺网
19579,围网
19580,刺网
19581,刺网
19582,拖网
19583,刺网
19584,刺网
19585,拖网
19586,拖网
19587,刺网
19588,刺网
19589,刺网
19590,围网
19591,围网
19592,拖网
19593,拖网
19594,拖网
19595,拖网
19596,拖网
19597,刺网
19598,刺网
19599,刺网
19600,拖网
19601,围网
19602,刺网
19603,刺网
19604,刺网
19605,围网
19606,刺网
19607,刺网
19608,拖网
19609,拖网
19610,刺网
19611,刺网
19612,刺网
19613,刺网
19614,拖网
19615,围网
19616,围网
19617,刺网
19618,刺网
19619,刺网
19620,围网
19621,刺网
19622,围网
19623,围网
19624,围网
19625,刺网
19626,拖网
19627,刺网
19628,刺网
19629,刺网
19630,刺网
19631,围网
19632,刺网
19633,刺网
19634,刺网
19635,刺网
19636,围网
19637,拖网
19638,刺网
19639,刺网
19640,刺网
19641,拖网
19642,围网
19643,刺网
19644,刺网
19645,刺网
19646,刺网
19647,围网
19648,围网
19649,刺网
19650,拖网
19651,拖网
19652,刺网
19653,刺网
19654,刺网
19655,刺网
19656,刺网
19657,围网
19658,刺网
19659,拖网
19660,刺网
19661,拖网
19662,刺网
19663,拖网
19664,围网
19665,拖网
19666,围网
19667,围网
19668,刺网
19669,围网
19670,刺网
19671,刺网
19672,刺网
19673,拖网
19674,围网
19675,刺网
19676,刺网
19677,刺网
19678,拖网
19679,拖网
19680,拖网
19681,围网
19682,刺网
19683,刺网
19684,刺网
19685,刺网
19686,围网
19687,围网
19688,刺网
19689,拖网
19690,刺网
19691,刺网
19692,刺网
19693,刺网
19694,围网
19695,刺网
19696,围网
19697,刺网
19698,围网
19699,刺网
19700,拖网
19701,刺网
19702,围网
19703,刺网
19704,刺网
19705,刺网
19706,刺网
19707,拖网
19708,拖网
19709,刺网
19710,围网
19711,刺网
19712,刺网
19713,围网
19714,拖网
19715,拖网
19716,刺网
19717,刺网
19718,刺网
19719,拖网
19720,刺网
19721,刺网
19722,拖网
19723,围网
19724,围网
19725,围网
19726,刺网
19727,刺网
19728,刺网
19729,刺网
19730,刺网
19731,刺网
19732,拖网
19733,刺网
19734,拖网
19735,刺网
19736,刺网
19737,刺网
19738,刺网
19739,刺网
19740,刺网
19741,刺网
19742,围网
19743,刺网
19744,拖网
19745,刺网
19746,刺网
19747,拖网
19748,拖网
19749,刺网
19750,围网
19751,刺网
19752,刺网
19753,刺网
19754,围网
19755,刺网
19756,刺网
19757,刺网
19758,围网
19759,围网
19760,围网
19761,刺网
19762,围网
19763,刺网
19764,刺网
19765,刺网
19766,围网
19767,拖网
19768,围网
19769,围网
19770,围网
19771,刺网
19772,围网
19773,围网
19774,围网
19775,围网
19776,围网
19777,刺网
19778,刺网
19779,刺网
19780,围网
19781,刺网
19782,刺网
19783,围网
19784,拖网
19785,刺网
19786,围网
19787,围网
19788,刺网
19789,刺网
19790,刺网
19791,拖网
19792,刺网
19793,刺网
19794,刺网
19795,刺网
19796,刺网
19797,围网
19798,刺网
19799,刺网
19800,刺网
19801,刺网
19802,围网
19803,刺网
19804,刺网
19805,围网
19806,刺网
19807,围网
19808,刺网
19809,刺网
19810,刺网
19811,刺网
19812,围网
19813,刺网
19814,刺网
19815,拖网
19816,刺网
19817,刺网
19818,刺网
19819,刺网
19820,刺网
19821,拖网
19822,刺网
19823,刺网
19824,刺网
19825,刺网
19826,拖网
19827,围网
19828,刺网
19829,刺网
19830,刺网
19831,拖网
19832,刺网
19833,刺网
19834,刺网
19835,刺网
19836,围网
19837,刺网
19838,刺网
19839,刺网
19840,围网
19841,刺网
19842,刺网
19843,刺网
19844,刺网
19845,刺网
19846,围网
19847,围网
19848,刺网
19849,拖网
19850,围网
19851,刺网
19852,刺网
19853,刺网
19854,刺网
19855,刺网
19856,围网
19857,刺网
19858,拖网
19859,拖网
19860,围网
19861,刺网
19862,刺网
19863,刺网
19864,围网
19865,刺网
19866,刺网
19867,刺网
19868,刺网
19869,拖网
19870,刺网
19871,刺网
19872,刺网
19873,围网
19874,刺网
19875,刺网
19876,刺网
19877,刺网
19878,围网
19879,刺网
19880,刺网
19881,刺网
19882,刺网
19883,刺网
19884,围网
19885,刺网
19886,刺网
19887,拖网
19888,刺网
19889,刺网
19890,刺网
19891,围网
19892,刺网
19893,刺网
19894,围网
19895,刺网
19896,刺网
19897,围网
19898,拖网
19899,刺网
19900,刺网
19901,刺网
19902,刺网
19903,刺网
19904,刺网
19905,刺网
19906,围网
19907,围网
19908,围网
19909,刺网
19910,刺网
19911,刺网
19912,刺网
19913,围网
19914,刺网
19915,刺网
19916,刺网
19917,刺网
19918,刺网
19919,刺网
19920,刺网
19921,围网
19922,刺网
19923,刺网
19924,刺网
19925,围网
19926,围网
19927,刺网
19928,刺网
19929,刺网
19930,刺网
19931,围网
19932,刺网
19933,刺网
19934,刺网
19935,刺网
19936,刺网
19937,刺网
19938,刺网
19939,拖网
19940,围网
19941,刺网
19942,刺网
19943,围网
19944,围网
19945,拖网
19946,刺网
19947,刺网
19948,刺网
19949,刺网
19950,刺网
19951,拖网
19952,刺网
19953,刺网
19954,围网
19955,围网
19956,围网
19957,围网
19958,拖网
19959,刺网
19960,刺网
19961,刺网
19962,刺网
19963,拖网
19964,刺网
19965,刺网
19966,刺网
19967,围网
19968,围网
19969,围网
19970,刺网
19971,拖网
19972,刺网
19973,刺网
19974,刺网
19975,刺网
19976,刺网
19977,围网
19978,刺网
19979,拖网
19980,拖网
19981,刺网
19982,刺网
19983,刺网
19984,拖网
19985,刺网
19986,拖网
19987,刺网
19988,刺网
19989,围网
19990,刺网
19991,刺网
19992,刺网
19993,刺网
19994,拖网
19995,围网
19996,拖网
19997,刺网
19998,拖网
19999,刺网
20000,刺网
20001,刺网
20002,刺网
20003,刺网
20004,围网
20005,围网
20006,刺网
20007,刺网
20008,刺网
20009,刺网
20010,围网
20011,围网
20012,拖网
20013,围网
20014,拖网
20015,刺网
20016,围网
20017,围网
20018,刺网
20019,拖网
20020,围网
20021,围网
20022,围网
20023,刺网
20024,刺网
20025,围网
20026,围网
20027,围网
20028,刺网
20029,刺网
20030,围网
20031,围网
20032,拖网
20033,围网
20034,围网
20035,刺网
20036,刺网
20037,围网
20038,刺网
20039,刺网
20040,刺网
20041,刺网
20042,围网
20043,刺网
20044,刺网
20045,围网
20046,刺网
20047,围网
20048,围网
20049,刺网
20050,刺网
20051,刺网
20052,刺网
20053,刺网
20054,刺网
20055,围网
20056,围网
20057,刺网
20058,围网
20059,围网
20060,刺网
20061,围网
20062,刺网
20063,刺网
20064,刺网
20065,刺网
20066,围网
20067,刺网
20068,刺网
20069,围网
20070,刺网
20071,刺网
20072,拖网
20073,拖网
20074,围网
20075,刺网
20076,刺网
20077,拖网
20078,围网
20079,围网
20080,刺网
20081,围网
20082,围网
20083,围网
20084,围网
20085,刺网
20086,刺网
20087,围网
20088,围网
20089,围网
20090,拖网
20091,围网
20092,围网
20093,围网
20094,拖网
20095,刺网
20096,拖网
20097,刺网
20098,刺网
20099,刺网
20100,刺网
20101,围网
20102,刺网
20103,刺网
20104,刺网
20105,刺网
20106,刺网
20107,刺网
20108,围网
20109,刺网
20110,刺网
20111,刺网
20112,围网
20113,围网
20114,刺网
20115,刺网
20116,刺网
20117,刺网
20118,刺网
20119,刺网
20120,刺网
20121,围网
20122,围网
20123,围网
20124,刺网
20125,拖网
20126,刺网
20127,刺网
20128,围网
20129,刺网
20130,刺网
20131,刺网
20132,刺网
20133,刺网
20134,刺网
20135,刺网
20136,刺网
20137,刺网
20138,刺网
20139,刺网
20140,刺网
20141,刺网
20142,刺网
20143,刺网
20144,围网
20145,围网
20146,刺网
20147,拖网
20148,刺网
20149,围网
20150,刺网
20151,围网
20152,刺网
20153,刺网
20154,刺网
20155,刺网
20156,刺网
20157,刺网
20158,刺网
20159,刺网
20160,刺网
20161,刺网
20162,围网
20163,刺网
20164,刺网
20165,拖网
20166,拖网
20167,围网
20168,刺网
20169,刺网
20170,拖网
20171,刺网
20172,刺网
20173,刺网
20174,刺网
20175,刺网
20176,刺网
20177,刺网
20178,刺网
20179,刺网
20180,刺网
20181,刺网
20182,刺网
20183,刺网
20184,刺网
20185,刺网
20186,刺网
20187,刺网
20188,刺网
20189,刺网
20190,刺网
20191,刺网
20192,刺网
20193,刺网
20194,刺网
20195,围网
20196,拖网
20197,刺网
20198,刺网
20199,围网
20200,刺网
20201,刺网
20202,刺网
20203,拖网
20204,围网
20205,围网
20206,刺网
20207,刺网
20208,围网
20209,拖网
20210,刺网
20211,拖网
20212,拖网
20213,拖网
20214,拖网
20215,拖网
20216,刺网
20217,拖网
20218,刺网
20219,围网
20220,拖网
20221,刺网
20222,刺网
20223,刺网
20224,刺网
20225,刺网
20226,刺网
20227,刺网
20228,围网
20229,围网
20230,围网
20231,围网
20232,刺网
20233,刺网
20234,刺网
20235,刺网
20236,刺网
20237,刺网
20238,刺网
20239,刺网
20240,围网
20241,刺网
20242,刺网
20243,刺网
20244,刺网
20245,刺网
20246,刺网
20247,刺网
20248,刺网
20249,刺网
20250,拖网
20251,刺网
20252,拖网
20253,拖网
20254,拖网
20255,拖网
20256,围网
20257,拖网
20258,刺网
20259,拖网
20260,刺网
20261,围网
20262,刺网
20263,刺网
20264,拖网
20265,刺网
20266,刺网
20267,刺网
20268,刺网
20269,围网
20270,围网
20271,刺网
20272,拖网
20273,围网
20274,刺网
20275,刺网
20276,刺网
20277,刺网
20278,刺网
20279,刺网
20280,拖网
20281,拖网
20282,刺网
20283,刺网
20284,拖网
20285,刺网
20286,围网
20287,刺网
20288,刺网
20289,刺网
20290,围网
20291,刺网
20292,刺网
20293,围网
20294,刺网
20295,围网
20296,刺网
20297,围网
20298,刺网
20299,刺网
20300,围网
20301,刺网
20302,刺网
20303,刺网
20304,刺网
20305,刺网
20306,拖网
20307,刺网
20308,围网
20309,刺网
20310,刺网
20311,刺网
20312,刺网
20313,围网
20314,围网
20315,刺网
20316,刺网
20317,围网
20318,围网
20319,围网
20320,拖网
20321,刺网
20322,刺网
20323,刺网
20324,拖网
20325,围网
20326,刺网
20327,刺网
20328,刺网
20329,围网
20330,刺网
20331,刺网
20332,围网
20333,刺网
20334,刺网
20335,拖网
20336,刺网
20337,拖网
20338,刺网
20339,拖网
20340,刺网
20341,拖网
20342,拖网
20343,刺网
20344,刺网
20345,刺网
20346,刺网
20347,拖网
20348,刺网
20349,刺网
20350,拖网
20351,刺网
20352,刺网
20353,拖网
20354,刺网
20355,拖网
20356,拖网
20357,刺网
20358,刺网
20359,拖网
20360,刺网
20361,拖网
20362,刺网
20363,围网
20364,围网
20365,刺网
20366,围网
20367,拖网
20368,围网
20369,刺网
20370,拖网
20371,刺网
20372,刺网
20373,刺网
20374,刺网
20375,刺网
20376,刺网
20377,刺网
20378,刺网
20379,刺网
20380,围网
20381,刺网
20382,刺网
20383,围网
20384,围网
20385,围网
20386,围网
20387,围网
20388,围网
20389,刺网
20390,围网
20391,刺网
20392,刺网
20393,围网
20394,刺网
20395,围网
20396,围网
20397,刺网
20398,刺网
20399,刺网
20400,围网
20401,刺网
20402,刺网
20403,刺网
20404,拖网
20405,围网
20406,刺网
20407,围网
20408,刺网
20409,围网
20410,围网
20411,围网
20412,拖网
20413,刺网
20414,围网
20415,刺网
20416,拖网
20417,围网
20418,拖网
20419,刺网
20420,围网
20421,围网
20422,刺网
20423,刺网
20424,拖网
20425,刺网
20426,拖网
20427,拖网
20428,拖网
20429,刺网
20430,刺网
20431,刺网
20432,刺网
20433,刺网
20434,刺网
20435,围网
20436,拖网
20437,拖网
20438,拖网
20439,拖网
20440,刺网
20441,刺网
20442,拖网
20443,刺网
20444,拖网
20445,拖网
20446,刺网
20447,刺网
20448,刺网
20449,拖网
20450,刺网
20451,刺网
20452,围网
20453,刺网
20454,拖网
20455,刺网
20456,刺网
20457,拖网
20458,刺网
20459,刺网
20460,刺网
20461,拖网
20462,拖网
20463,刺网
20464,围网
20465,围网
20466,拖网
20467,围网
20468,刺网
20469,拖网
20470,拖网
20471,拖网
20472,拖网
20473,拖网
20474,刺网
20475,围网
20476,刺网
20477,刺网
20478,拖网
20479,刺网
20480,拖网
20481,刺网
20482,围网
20483,围网
20484,刺网
20485,刺网
20486,拖网
20487,刺网
20488,刺网
20489,刺网
20490,刺网
20491,围网
20492,刺网
20493,刺网
20494,刺网
20495,围网
20496,刺网
20497,刺网
20498,刺网
20499,刺网
20500,围网
20501,刺网
20502,围网
20503,刺网
20504,围网
20505,拖网
20506,围网
20507,拖网
20508,拖网
20509,围网
20510,拖网
20511,刺网
20512,围网
20513,拖网
20514,刺网
20515,围网
20516,围网
20517,围网
20518,围网
20519,围网
20520,围网
20521,围网
20522,围网
20523,围网
20524,刺网
20525,刺网
20526,刺网
20527,刺网
20528,刺网
20529,刺网
20530,拖网
20531,刺网
20532,拖网
20533,拖网
20534,围网
20535,刺网
20536,围网
20537,拖网
20538,围网
20539,围网
20540,拖网
20541,围网
20542,拖网
20543,围网
20544,刺网
20545,拖网
20546,围网
20547,围网
20548,围网
20549,围网
20550,围网
20551,围网
20552,围网
20553,围网
20554,围网
20555,拖网
20556,拖网
20557,围网
20558,拖网
20559,围网
20560,围网
20561,围网
20562,围网
20563,刺网
20564,刺网
20565,围网
20566,围网
20567,围网
20568,刺网
20569,围网
20570,拖网
20571,刺网
20572,围网
20573,拖网
20574,围网
20575,围网
20576,围网
20577,围网
20578,刺网
20579,拖网
20580,刺网
20581,刺网
20582,刺网
20583,刺网
20584,围网
20585,刺网
20586,围网
20587,围网
20588,刺网
20589,刺网
20590,拖网
20591,围网
20592,围网
20593,拖网
20594,刺网
20595,刺网
20596,围网
20597,刺网
20598,刺网
20599,刺网
20600,围网
20601,刺网
20602,刺网
20603,刺网
20604,刺网
20605,刺网
20606,刺网
20607,刺网
20608,刺网
20609,刺网
20610,刺网
20611,刺网
20612,刺网
20613,刺网
20614,刺网
20615,刺网
20616,刺网
20617,刺网
20618,刺网
20619,刺网
20620,围网
20621,刺网
20622,刺网
20623,刺网
20624,刺网
20625,刺网
20626,刺网
20627,拖网
20628,围网
20629,刺网
20630,拖网
20631,刺网
20632,刺网
20633,围网
20634,围网
20635,刺网
20636,围网
20637,刺网
20638,拖网
20639,刺网
20640,刺网
20641,拖网
20642,刺网
20643,刺网
20644,刺网
20645,围网
20646,围网
20647,刺网
20648,刺网
20649,拖网
20650,刺网
20651,刺网
20652,围网
20653,刺网
20654,刺网
20655,刺网
20656,围网
20657,刺网
20658,刺网
20659,围网
20660,围网
20661,拖网
20662,刺网
20663,刺网
20664,刺网
20665,刺网
20666,围网
20667,围网
20668,拖网
20669,拖网
20670,拖网
20671,拖网
20672,围网
20673,围网
20674,拖网
20675,拖网
20676,围网
20677,刺网
20678,拖网
20679,拖网
20680,拖网
20681,拖网
20682,拖网
20683,刺网
20684,拖网
20685,刺网
20686,刺网
20687,刺网
20688,刺网
20689,刺网
20690,刺网
20691,围网
20692,刺网
20693,刺网
20694,刺网
20695,刺网
20696,刺网
20697,刺网
20698,刺网
20699,刺网
20700,围网
20701,刺网
20702,刺网
20703,刺网
20704,刺网
20705,刺网
20706,刺网
20707,围网
20708,围网
20709,刺网
20710,围网
20711,刺网
20712,刺网
20713,刺网
20714,刺网
20715,围网
20716,围网
20717,刺网
20718,刺网
20719,围网
20720,拖网
20721,刺网
20722,围网
20723,刺网
20724,刺网
20725,刺网
20726,刺网
20727,刺网
20728,刺网
20729,刺网
20730,刺网
20731,刺网
20732,刺网
20733,围网
20734,刺网
20735,围网
20736,刺网
20737,围网
20738,刺网
20739,刺网
20740,刺网
20741,刺网
20742,刺网
20743,刺网
20744,刺网
20745,拖网
20746,刺网
20747,刺网
20748,拖网
20749,拖网
20750,刺网
20751,拖网
20752,刺网
20753,刺网
20754,刺网
20755,围网
20756,刺网
20757,拖网
20758,围网
20759,刺网
20760,刺网
20761,刺网
20762,刺网
20763,刺网
20764,围网
20765,刺网
20766,刺网
20767,刺网
20768,刺网
20769,刺网
20770,拖网
20771,拖网
20772,拖网
20773,拖网
20774,刺网
20775,拖网
20776,围网
20777,刺网
20778,刺网
20779,围网
20780,刺网
20781,围网
20782,刺网
20783,围网
20784,拖网
20785,刺网
20786,刺网
20787,刺网
20788,刺网
20789,刺网
20790,刺网
20791,刺网
20792,刺网
20793,围网
20794,围网
20795,刺网
20796,围网
20797,围网
20798,拖网
20799,刺网
20800,拖网
20801,拖网
20802,围网
20803,围网
20804,刺网
20805,拖网
20806,刺网
20807,围网
20808,刺网
20809,围网
20810,围网
20811,围网
20812,拖网
20813,刺网
20814,刺网
20815,围网
20816,围网
20817,围网
20818,围网
20819,围网
20820,围网
20821,围网
20822,围网
20823,围网
20824,围网
20825,围网
20826,围网
20827,围网
20828,围网
20829,围网
20830,围网
20831,围网
20832,围网
20833,围网
20834,围网
20835,围网
20836,围网
20837,围网
20838,拖网
20839,拖网
20840,刺网
20841,刺网
20842,刺网
20843,刺网
20844,刺网
20845,刺网
20846,刺网
20847,刺网
20848,刺网
20849,刺网
20850,刺网
20851,刺网
20852,刺网
20853,围网
20854,围网
20855,刺网
20856,刺网
20857,刺网
20858,刺网
20859,刺网
20860,刺网
20861,刺网
20862,刺网
20863,围网
20864,刺网
20865,刺网
20866,刺网
20867,刺网
20868,刺网
20869,围网
20870,围网
20871,围网
20872,刺网
20873,刺网
20874,刺网
20875,围网
20876,刺网
20877,刺网
20878,拖网
20879,刺网
20880,刺网
20881,拖网
20882,围网
20883,围网
20884,刺网
20885,拖网
20886,拖网
20887,刺网
20888,刺网
20889,拖网
20890,刺网
20891,刺网
20892,围网
20893,围网
20894,围网
20895,刺网
20896,刺网
20897,刺网
20898,刺网
20899,围网
20900,围网
20901,围网
20902,围网
20903,刺网
20904,刺网
20905,刺网
20906,围网
20907,刺网
20908,围网
20909,围网
20910,刺网
20911,刺网
20912,刺网
20913,刺网
20914,刺网
20915,刺网
20916,刺网
20917,刺网
20918,刺网
20919,刺网
20920,拖网
20921,拖网
20922,拖网
20923,刺网
20924,刺网
20925,围网
20926,围网
20927,刺网
20928,刺网
20929,刺网
20930,刺网
20931,围网
20932,围网
20933,围网
20934,围网
20935,刺网
20936,刺网
20937,刺网
20938,拖网
20939,拖网
20940,拖网
20941,拖网
20942,拖网
20943,刺网
20944,拖网
20945,围网
20946,围网
20947,刺网
20948,刺网
20949,刺网
20950,刺网
20951,刺网
20952,刺网
20953,刺网
20954,刺网
20955,刺网
20956,刺网
20957,刺网
20958,围网
20959,围网
20960,刺网
20961,拖网
20962,拖网
20963,刺网
20964,刺网
20965,刺网
20966,围网
20967,刺网
20968,围网
20969,围网
20970,围网
20971,围网
20972,围网
20973,刺网
20974,围网
20975,围网
20976,拖网
20977,拖网
20978,围网
20979,刺网
20980,刺网
20981,刺网
20982,刺网
20983,刺网
20984,刺网
20985,拖网
20986,围网
20987,围网
20988,刺网
20989,刺网
20990,围网
20991,刺网
20992,围网
20993,围网
20994,围网
20995,围网
20996,围网
20997,围网
20998,围网
20999,围网
21000,围网
21001,围网
21002,刺网
21003,围网
21004,围网
21005,刺网
21006,刺网
21007,拖网
21008,刺网
21009,刺网
21010,刺网
21011,围网
21012,刺网
21013,刺网
21014,围网
21015,刺网
21016,刺网
21017,刺网
21018,围网
21019,刺网
21020,刺网
21021,拖网
21022,围网
21023,围网
21024,拖网
21025,拖网
21026,刺网
21027,围网
21028,拖网
21029,刺网
21030,刺网
21031,拖网
21032,刺网
21033,拖网
21034,围网
21035,围网
21036,拖网
21037,刺网
21038,围网
21039,围网
21040,围网
21041,围网
21042,围网
21043,刺网
21044,刺网
21045,刺网
21046,围网
21047,刺网
21048,围网
21049,围网
21050,刺网
21051,刺网
21052,围网
21053,刺网
21054,刺网
21055,围网
21056,刺网
21057,围网
21058,刺网
21059,围网
21060,围网
21061,刺网
21062,刺网
21063,围网
21064,围网
21065,围网
21066,围网
21067,刺网
21068,刺网
21069,围网
21070,围网
21071,刺网
21072,围网
21073,刺网
21074,围网
21075,刺网
21076,拖网
21077,拖网
21078,围网
21079,围网
21080,刺网
21081,围网
21082,围网
21083,刺网
21084,刺网
21085,刺网
21086,刺网
21087,刺网
21088,刺网
21089,围网
21090,刺网
21091,刺网
21092,围网
21093,围网
21094,拖网
21095,刺网
21096,拖网
21097,围网
21098,拖网
21099,拖网
21100,刺网
21101,围网
21102,刺网
21103,围网
21104,刺网
21105,围网
21106,拖网
21107,围网
21108,刺网
21109,刺网
21110,围网
21111,围网
21112,拖网
21113,围网
21114,刺网
21115,刺网
21116,刺网
21117,刺网
21118,刺网
21119,刺网
21120,拖网
21121,围网
21122,围网
21123,围网
21124,刺网
21125,围网
21126,拖网
21127,围网
21128,围网
21129,刺网
21130,刺网
21131,刺网
21132,刺网
21133,刺网
21134,刺网
21135,围网
21136,拖网
21137,拖网
21138,刺网
21139,刺网
21140,拖网
21141,刺网
21142,刺网
21143,刺网
21144,拖网
21145,围网
21146,围网
21147,刺网
21148,拖网
21149,刺网
21150,拖网
21151,围网
21152,拖网
21153,拖网
21154,刺网
21155,刺网
21156,刺网
21157,围网
21158,围网
21159,刺网
21160,刺网
21161,围网
21162,拖网
21163,刺网
21164,拖网
21165,刺网
21166,拖网
21167,刺网
21168,围网
21169,刺网
21170,刺网
21171,围网
21172,刺网
21173,围网
21174,刺网
21175,刺网
21176,刺网
21177,围网
21178,围网
21179,围网
21180,刺网
21181,刺网
21182,拖网
21183,拖网
21184,刺网
21185,围网
21186,拖网
21187,拖网
21188,刺网
21189,拖网
21190,围网
21191,围网
21192,刺网
21193,刺网
21194,围网
21195,围网
21196,围网
21197,刺网
21198,拖网
21199,围网
21200,拖网
21201,围网
21202,围网
21203,刺网
21204,拖网
21205,围网
21206,围网
21207,围网
21208,拖网
21209,拖网
21210,围网
21211,围网
21212,刺网
21213,围网
21214,围网
21215,刺网
21216,刺网
21217,围网
21218,围网
21219,刺网
21220,刺网
21221,围网
21222,刺网
21223,刺网
21224,刺网
21225,刺网
21226,围网
21227,围网
21228,围网
21229,围网
21230,围网
21231,围网
21232,围网
21233,围网
21234,围网
21235,围网
21236,刺网
21237,刺网
21238,刺网
21239,刺网
21240,刺网
21241,刺网
21242,刺网
21243,刺网
21244,刺网
21245,刺网
21246,围网
21247,围网
21248,刺网
21249,拖网
21250,拖网
21251,围网
21252,刺网
21253,拖网
21254,围网
21255,刺网
21256,拖网
21257,拖网
21258,围网
21259,刺网
21260,刺网
21261,刺网
21262,刺网
21263,刺网
21264,刺网
21265,拖网
21266,刺网
21267,刺网
21268,刺网
21269,刺网
21270,刺网
21271,刺网
21272,刺网
21273,拖网
21274,拖网
21275,刺网
21276,拖网
21277,围网
21278,刺网
21279,围网
21280,拖网
21281,拖网
21282,刺网
21283,拖网
21284,刺网
21285,刺网
21286,围网
21287,围网
21288,围网
21289,拖网
21290,刺网
21291,围网
21292,围网
21293,围网
21294,刺网
21295,刺网
21296,围网
21297,拖网
21298,刺网
21299,围网
21300,拖网
21301,围网
21302,拖网
21303,刺网
21304,刺网
21305,刺网
21306,刺网
21307,围网
21308,围网
21309,拖网
21310,拖网
21311,围网
21312,刺网
21313,围网
21314,拖网
21315,围网
21316,围网
21317,围网
21318,围网
21319,围网
21320,拖网
21321,刺网
21322,刺网
21323,拖网
21324,拖网
21325,拖网
21326,刺网
21327,围网
21328,围网
21329,围网
21330,刺网
21331,刺网
21332,刺网
21333,围网
21334,围网
21335,围网
21336,围网
21337,围网
21338,拖网
21339,围网
21340,围网
21341,围网
21342,刺网
21343,刺网
21344,刺网
21345,围网
21346,刺网
21347,刺网
21348,围网
21349,围网
21350,拖网
21351,刺网
21352,拖网
21353,拖网
21354,刺网
21355,刺网
21356,围网
21357,刺网
21358,刺网
21359,刺网
21360,围网
21361,围网
21362,围网
21363,围网
21364,刺网
21365,刺网
21366,刺网
21367,拖网
21368,刺网
21369,刺网
21370,围网
21371,围网
21372,围网
21373,围网
21374,围网
21375,围网
21376,围网
21377,围网
21378,围网
21379,拖网
21380,刺网
21381,刺网
21382,围网
21383,围网
21384,拖网
21385,拖网
21386,围网
21387,围网
21388,围网
21389,围网
21390,围网
21391,刺网
21392,围网
21393,围网
21394,刺网
21395,拖网
21396,围网
21397,围网
21398,拖网
21399,拖网
21400,围网
21401,刺网
21402,刺网
21403,拖网
21404,拖网
21405,围网
21406,拖网
21407,刺网
21408,刺网
21409,围网
21410,刺网
21411,围网
21412,刺网
21413,围网
21414,拖网
21415,围网
21416,刺网
21417,拖网
21418,刺网
21419,刺网
21420,刺网
21421,刺网
21422,刺网
21423,刺网
21424,刺网
21425,刺网
21426,刺网
21427,刺网
21428,刺网
21429,刺网
21430,刺网
21431,刺网
21432,刺网
21433,刺网
21434,刺网
21435,刺网
21436,刺网
21437,刺网
21438,刺网
21439,拖网
21440,围网
21441,刺网
21442,拖网
21443,拖网
21444,围网
21445,刺网
21446,刺网
21447,围网
21448,围网
21449,拖网
21450,刺网
21451,拖网
21452,围网
21453,刺网
21454,刺网
21455,刺网
21456,围网
21457,刺网
21458,刺网
21459,拖网
21460,刺网
21461,刺网
21462,拖网
21463,围网
21464,刺网
21465,围网
21466,刺网
21467,刺网
21468,刺网
21469,刺网
21470,刺网
21471,刺网
21472,刺网
21473,刺网
21474,刺网
21475,刺网
21476,刺网
21477,拖网
21478,拖网
21479,拖网
21480,刺网
21481,刺网
21482,围网
21483,刺网
21484,围网
21485,刺网
21486,刺网
21487,刺网
21488,拖网
21489,刺网
21490,拖网
21491,拖网
21492,刺网
21493,刺网
21494,围网
21495,刺网
21496,拖网
21497,围网
21498,刺网
21499,刺网
21500,围网
21501,刺网
21502,刺网
21503,刺网
21504,刺网
21505,刺网
21506,刺网
21507,刺网
21508,围网
21509,刺网
21510,刺网
21511,拖网
21512,拖网
21513,刺网
21514,刺网
21515,刺网
21516,刺网
21517,刺网
21518,围网
21519,刺网
21520,围网
21521,刺网
21522,围网
21523,拖网
21524,拖网
21525,围网
21526,刺网
21527,围网
21528,围网
21529,围网
21530,围网
21531,刺网
21532,刺网
21533,刺网
21534,刺网
21535,刺网
21536,刺网
21537,刺网
21538,刺网
21539,围网
21540,拖网
21541,围网
21542,围网
21543,刺网
21544,拖网
21545,围网
21546,围网
21547,围网
21548,刺网
21549,围网
21550,拖网
21551,拖网
21552,拖网
21553,刺网
21554,拖网
21555,拖网
21556,围网
21557,拖网
21558,围网
21559,拖网
21560,拖网
21561,刺网
21562,围网
21563,围网
21564,围网
21565,刺网
21566,围网
21567,围网
21568,刺网
21569,围网
21570,拖网
21571,围网
21572,刺网
21573,围网
21574,刺网
21575,围网
21576,围网
21577,围网
21578,刺网
21579,刺网
21580,刺网
21581,围网
21582,拖网
21583,刺网
21584,刺网
21585,刺网
21586,刺网
21587,刺网
21588,刺网
21589,刺网
21590,刺网
21591,刺网
21592,刺网
21593,刺网
21594,围网
21595,刺网
21596,刺网
21597,拖网
21598,围网
21599,围网
21600,围网
21601,围网
21602,围网
21603,围网
21604,围网
21605,围网
21606,围网
21607,刺网
21608,围网
21609,围网
21610,围网
21611,围网
21612,围网
21613,刺网
21614,围网
21615,围网
21616,围网
21617,围网
21618,围网
21619,围网
21620,围网
21621,刺网
21622,刺网
21623,刺网
21624,围网
21625,刺网
21626,刺网
21627,刺网
21628,拖网
21629,刺网
21630,刺网
21631,拖网
21632,拖网
21633,刺网
21634,刺网
21635,围网
21636,拖网
21637,拖网
21638,围网
21639,围网
21640,刺网
21641,刺网
21642,刺网
21643,刺网
21644,围网
21645,刺网
21646,刺网
21647,刺网
21648,刺网
21649,刺网
21650,拖网
21651,拖网
21652,刺网
21653,刺网
21654,刺网
21655,刺网
21656,刺网
21657,刺网
21658,围网
21659,刺网
21660,刺网
21661,刺网
21662,刺网
21663,刺网
21664,刺网
21665,刺网
21666,围网
21667,拖网
21668,围网
21669,拖网
21670,拖网
21671,围网
21672,刺网
21673,围网
21674,拖网
21675,刺网
21676,刺网
21677,刺网
21678,刺网
21679,围网
21680,拖网
21681,拖网
21682,拖网
21683,围网
21684,围网
21685,拖网
21686,拖网
21687,刺网
21688,刺网
21689,刺网
21690,刺网
21691,拖网
21692,刺网
21693,刺网
21694,围网
21695,刺网
21696,刺网
21697,刺网
21698,拖网
21699,围网
21700,围网
21701,刺网
21702,刺网
21703,刺网
21704,围网
21705,拖网
21706,围网
21707,刺网
21708,拖网
21709,围网
21710,围网
21711,刺网
21712,刺网
21713,刺网
21714,刺网
21715,围网
21716,刺网
21717,拖网
21718,刺网
21719,围网
21720,拖网
21721,拖网
21722,围网
21723,围网
21724,拖网
21725,拖网
21726,围网
21727,刺网
21728,围网
21729,拖网
21730,拖网
21731,拖网
21732,刺网
21733,拖网
21734,拖网
21735,围网
21736,刺网
21737,围网
21738,刺网
21739,围网
21740,刺网
21741,刺网
21742,刺网
21743,刺网
21744,拖网
21745,围网
21746,拖网
21747,刺网
21748,围网
21749,围网
21750,围网
21751,刺网
21752,围网
21753,围网
21754,拖网
21755,刺网
21756,刺网
21757,拖网
21758,拖网
21759,拖网
21760,拖网
21761,拖网
21762,刺网
21763,刺网
21764,刺网
21765,刺网
21766,拖网
21767,拖网
21768,拖网
21769,刺网
21770,刺网
21771,刺网
21772,刺网
21773,刺网
21774,刺网
21775,拖网
21776,拖网
21777,拖网
21778,刺网
21779,拖网
21780,拖网
21781,刺网
21782,刺网
21783,围网
21784,围网
21785,刺网
21786,刺网
21787,刺网
21788,刺网
21789,刺网
21790,刺网
21791,拖网
21792,刺网
21793,拖网
21794,拖网
21795,拖网
21796,刺网
21797,围网
21798,刺网
21799,围网
21800,围网
21801,拖网
21802,刺网
21803,围网
21804,拖网
21805,拖网
21806,刺网
21807,拖网
21808,拖网
21809,围网
21810,围网
21811,围网
21812,刺网
21813,刺网
21814,围网
21815,刺网
21816,刺网
21817,拖网
21818,刺网
21819,刺网
21820,围网
21821,刺网
21822,拖网
21823,刺网
21824,刺网
21825,刺网
21826,拖网
21827,刺网
21828,拖网
21829,刺网
21830,刺网
21831,刺网
21832,围网
21833,刺网
21834,拖网
21835,围网
21836,拖网
21837,围网
21838,围网
21839,刺网
21840,刺网
21841,拖网
21842,刺网
21843,拖网
21844,拖网
21845,刺网
21846,拖网
21847,刺网
21848,围网
21849,围网
21850,围网
21851,刺网
21852,刺网
21853,围网
21854,围网
21855,刺网
21856,刺网
21857,拖网
21858,刺网
21859,刺网
21860,刺网
21861,刺网
21862,拖网
21863,围网
21864,刺网
21865,刺网
21866,刺网
21867,拖网
21868,刺网
21869,刺网
21870,拖网
21871,刺网
21872,围网
21873,拖网
21874,围网
21875,拖网
21876,围网
21877,刺网
21878,围网
21879,刺网
21880,刺网
21881,刺网
21882,刺网
21883,拖网
21884,围网
21885,刺网
21886,刺网
21887,围网
21888,刺网
21889,围网
21890,刺网
21891,刺网
21892,刺网
21893,刺网
21894,刺网
21895,围网
21896,围网
21897,刺网
21898,刺网
21899,围网
21900,刺网
21901,刺网
21902,围网
21903,刺网
21904,围网
21905,围网
21906,拖网
21907,刺网
21908,围网
21909,刺网
21910,刺网
21911,刺网
21912,刺网
21913,刺网
21914,刺网
21915,围网
21916,围网
21917,围网
21918,刺网
21919,围网
21920,围网
21921,围网
21922,刺网
21923,刺网
21924,刺网
21925,刺网
21926,围网
21927,刺网
21928,刺网
21929,刺网
21930,刺网
21931,刺网
21932,刺网
21933,拖网
21934,围网
21935,刺网
21936,刺网
21937,拖网
21938,围网
21939,围网
21940,刺网
21941,围网
21942,围网
21943,刺网
21944,刺网
21945,刺网
21946,围网
21947,围网
21948,刺网
21949,围网
21950,刺网
21951,拖网
21952,围网
21953,围网
21954,拖网
21955,刺网
21956,围网
21957,围网
21958,围网
21959,拖网
21960,拖网
21961,围网
21962,刺网
21963,围网
21964,拖网
21965,拖网
21966,围网
21967,拖网
21968,刺网
21969,刺网
21970,拖网
21971,拖网
21972,刺网
21973,刺网
21974,围网
21975,刺网
21976,围网
21977,围网
21978,拖网
21979,拖网
21980,刺网
21981,刺网
21982,围网
21983,拖网
21984,刺网
21985,刺网
21986,刺网
21987,刺网
21988,刺网
21989,刺网
21990,围网
21991,围网
21992,围网
21993,刺网
21994,刺网
21995,刺网
21996,刺网
21997,围网
21998,刺网
21999,刺网
22000,刺网
22001,刺网
22002,刺网
22003,刺网
22004,刺网
22005,刺网
22006,刺网
22007,刺网
22008,刺网
22009,刺网
22010,刺网
22011,拖网
22012,刺网
22013,围网
22014,刺网
22015,刺网
22016,刺网
22017,拖网
22018,拖网
22019,拖网
22020,刺网
22021,围网
22022,刺网
22023,刺网
22024,刺网
22025,刺网
22026,拖网
22027,拖网
22028,围网
22029,刺网
22030,刺网
22031,围网
22032,刺网
22033,刺网
22034,刺网
22035,围网
22036,围网
22037,拖网
22038,刺网
22039,刺网
22040,刺网
22041,刺网
22042,刺网
22043,刺网
22044,刺网
22045,刺网
22046,刺网
22047,刺网
22048,刺网
22049,刺网
22050,拖网
22051,围网
22052,刺网
22053,刺网
22054,刺网
22055,拖网
22056,围网
22057,刺网
22058,刺网
22059,围网
22060,刺网
22061,刺网
22062,刺网
22063,刺网
22064,拖网
22065,刺网
22066,围网
22067,刺网
22068,拖网
22069,刺网
22070,刺网
22071,刺网
22072,刺网
22073,刺网
22074,刺网
22075,围网
22076,刺网
22077,刺网
22078,刺网
22079,刺网
22080,刺网
22081,拖网
22082,刺网
22083,围网
22084,刺网
22085,刺网
22086,刺网
22087,刺网
22088,刺网
22089,刺网
22090,刺网
22091,刺网
22092,刺网
22093,刺网
22094,刺网
22095,围网
22096,刺网
22097,刺网
22098,围网
22099,刺网
22100,拖网
22101,围网
22102,围网
22103,刺网
22104,刺网
22105,刺网
22106,刺网
22107,刺网
22108,刺网
22109,刺网
22110,刺网
22111,刺网
22112,刺网
22113,刺网
22114,围网
22115,拖网
22116,围网
22117,围网
22118,拖网
22119,围网
22120,刺网
22121,刺网
22122,刺网
22123,刺网
22124,刺网
22125,刺网
22126,刺网
22127,刺网
22128,刺网
22129,围网
22130,刺网
22131,刺网
22132,刺网
22133,刺网
22134,刺网
22135,围网
22136,刺网
22137,围网
22138,刺网
22139,刺网
22140,刺网
22141,刺网
22142,刺网
22143,拖网
22144,围网
22145,围网
22146,刺网
22147,刺网
22148,刺网
22149,刺网
22150,刺网
22151,刺网
22152,拖网
22153,围网
22154,刺网
22155,刺网
22156,刺网
22157,刺网
22158,刺网
22159,刺网
22160,刺网
22161,围网
22162,围网
22163,围网
22164,围网
22165,刺网
22166,刺网
22167,围网
22168,刺网
22169,刺网
22170,拖网
22171,围网
22172,刺网
22173,拖网
22174,围网
22175,围网
22176,围网
22177,刺网
22178,刺网
22179,刺网
22180,围网
22181,围网
22182,刺网
22183,刺网
22184,刺网
22185,刺网
22186,刺网
22187,刺网
22188,刺网
22189,刺网
22190,刺网
22191,围网
22192,刺网
22193,拖网
22194,刺网
22195,刺网
22196,围网
22197,刺网
22198,围网
22199,围网
22200,拖网
22201,围网
22202,围网
22203,刺网
22204,刺网
22205,刺网
22206,刺网
22207,围网
22208,围网
22209,围网
22210,围网
22211,围网
22212,刺网
22213,围网
22214,拖网
22215,刺网
22216,刺网
22217,刺网
22218,刺网
22219,拖网
22220,围网
22221,围网
22222,刺网
22223,刺网
22224,刺网
22225,刺网
22226,刺网
22227,围网
22228,围网
22229,刺网
22230,刺网
22231,刺网
22232,刺网
22233,刺网
22234,围网
22235,刺网
22236,拖网
22237,刺网
22238,刺网
22239,刺网
22240,刺网
22241,刺网
22242,围网
22243,刺网
22244,围网
22245,围网
22246,拖网
22247,围网
22248,刺网
22249,刺网
22250,刺网
22251,刺网
22252,刺网
22253,刺网
22254,刺网
22255,刺网
22256,刺网
22257,围网
22258,拖网
22259,刺网
22260,围网
22261,刺网
22262,刺网
22263,拖网
22264,刺网
22265,刺网
22266,围网
22267,刺网
22268,围网
22269,围网
22270,拖网
22271,拖网
22272,围网
22273,拖网
22274,围网
22275,拖网
22276,围网
22277,围网
22278,围网
22279,围网
22280,围网
22281,围网
22282,拖网
22283,拖网
22284,围网
22285,刺网
22286,刺网
22287,围网
22288,刺网
22289,拖网
22290,围网
22291,刺网
22292,刺网
22293,刺网
22294,刺网
22295,刺网
22296,刺网
22297,刺网
22298,刺网
22299,刺网
22300,围网
22301,拖网
22302,围网
22303,拖网
22304,刺网
22305,刺网
22306,刺网
22307,刺网
22308,刺网
22309,围网
22310,拖网
22311,拖网
22312,围网
22313,拖网
22314,刺网
22315,刺网
22316,刺网
22317,刺网
22318,拖网
22319,刺网
22320,刺网
22321,刺网
22322,刺网
22323,拖网
22324,刺网
22325,刺网
22326,刺网
22327,围网
22328,刺网
22329,围网
22330,刺网
22331,刺网
22332,围网
22333,拖网
22334,拖网
22335,围网
22336,刺网
22337,围网
22338,刺网
22339,刺网
22340,刺网
22341,拖网
22342,刺网
22343,刺网
22344,拖网
22345,围网
22346,刺网
22347,拖网
22348,拖网
22349,围网
22350,刺网
22351,刺网
22352,刺网
22353,围网
22354,刺网
22355,围网
22356,刺网
22357,拖网
22358,刺网
22359,刺网
22360,拖网
22361,拖网
22362,围网
22363,刺网